<?xml version="1.0" encoding="UTF-8"?>
<project-private xmlns="http://www.netbeans.org/ns/project-private/1">
    <editor-bookmarks xmlns="http://www.netbeans.org/ns/editor-bookmarks/2" lastBookmarkId="0"/>
    <open-files xmlns="http://www.netbeans.org/ns/projectui-open-files/2">
        <group>
            <file>file:/C:/Users/lab_services_student/Documents/NetBeansProjects/MainApp/src/mainapp/ShoeShop.java</file>
            <file>file:/C:/Users/lab_services_student/Documents/NetBeansProjects/MainApp/src/mainapp/MainApp.java</file>
            <file>file:/C:/Users/lab_services_student/Documents/NetBeansProjects/MainApp/src/mainapp/ShoeShopApp.java</file>
            <file>file:/C:/Users/lab_services_student/Documents/NetBeansProjects/MainApp/test/mainapp/MainAppTest.java</file>
            <file>file:/C:/Users/lab_services_student/Documents/NetBeansProjects/MainApp/src/mainapp/Shoe.java</file>
        </group>
    </open-files>
</project-private>
